{"sections":{"slideshow":{"type":"slideshow","blocks":{"slide-2":{"type":"image","settings":{"text_position":"middle_center","subheading":"","title":"","button_1_text":"","button_1_link":"shopify:\/\/collections\/aneis","button_2_text":"","button_2_link":"","text_color":"#ffffff","button_background":"#ffffff","button_text_color":"#000000","overlay_color":"#000000","overlay_opacity":0}},"slide-1":{"type":"image","settings":{"text_position":"middle_center","subheading":"","title":"","button_1_text":"","button_1_link":"shopify:\/\/collections\/bolsas","button_2_text":"","button_2_link":"","text_color":"#ffffff","button_background":"#ffffff","button_text_color":"#000000","overlay_color":"#000000","overlay_opacity":0}}},"block_order":["slide-2","slide-1"],"settings":{"section_height":"auto","transition_type":"fade","autoplay":true,"cycle_speed":5,"background":"rgba(0,0,0,0)"}},"86e7bff1-c597-440d-a968-3e6db17ad0cd":{"type":"collection-list","blocks":{"template--17010692391207__86e7bff1-c597-440d-a968-3e6db17ad0cd-1669331245e4f88578-0":{"type":"collection","settings":{"collection":"aneis","subheading":"Anéis","title":"","link_text":"","link_url":"","text_color":"rgba(0,0,0,0)","overlay_color":"#000000","overlay_opacity":0}},"template--17010692391207__86e7bff1-c597-440d-a968-3e6db17ad0cd-1669331245e4f88578-1":{"type":"collection","settings":{"collection":"bolsas","subheading":"Bolsas","title":"","link_text":"","link_url":"","text_color":"rgba(0,0,0,0)","overlay_color":"#000000","overlay_opacity":0}},"template--17010692391207__86e7bff1-c597-440d-a968-3e6db17ad0cd-1669331245e4f88578-2":{"type":"collection","settings":{"collection":"berloques","subheading":"Berloques","title":"","link_text":"","link_url":"","text_color":"rgba(0,0,0,0)","overlay_color":"#000000","overlay_opacity":0}},"template--17010692391207__86e7bff1-c597-440d-a968-3e6db17ad0cd-1669331245e4f88578-3":{"type":"collection","settings":{"collection":"brincos","subheading":"Brincos","title":"","link_text":"","link_url":"","text_color":"rgba(0,0,0,0)","overlay_color":"#000000","overlay_opacity":0}},"template--17010692391207__86e7bff1-c597-440d-a968-3e6db17ad0cd-1669331245e4f88578-4":{"type":"collection","settings":{"collection":"chapeus","subheading":"","title":"","link_text":"","link_url":"","text_color":"rgba(0,0,0,0)","overlay_color":"#000000","overlay_opacity":30}},"template--17010692391207__86e7bff1-c597-440d-a968-3e6db17ad0cd-1669331245e4f88578-5":{"type":"collection","settings":{"collection":"colares","subheading":"","title":"","link_text":"","link_url":"","text_color":"rgba(0,0,0,0)","overlay_color":"#000000","overlay_opacity":30}},"93fbea5d-51e3-44ea-b7b2-1cdc759282c6":{"type":"collection","disabled":true,"settings":{"collection":"sandalias","subheading":"","title":"","link_text":"","link_url":"","text_color":"rgba(0,0,0,0)","overlay_color":"#000000","overlay_opacity":30}},"7b6b3d8b-7efc-4128-8b5c-5c4d97a212f7":{"type":"collection","settings":{"collection":"colecao-pratas-925","subheading":"","title":"","link_text":"","link_url":"","text_color":"rgba(0,0,0,0)","overlay_color":"#000000","overlay_opacity":30}},"609c52fe-4e00-4348-a994-d6379bb90e74":{"type":"collection","settings":{"collection":"conjuntos","subheading":"","title":"","link_text":"","link_url":"","text_color":"rgba(0,0,0,0)","overlay_color":"#000000","overlay_opacity":30}},"962e7f00-30be-4c9c-a7e5-59d106f42623":{"type":"collection","settings":{"collection":"correntes","subheading":"","title":"","link_text":"","link_url":"","text_color":"rgba(0,0,0,0)","overlay_color":"#000000","overlay_opacity":30}},"7c183535-05cd-42ff-a63d-a1abc512da56":{"type":"collection","settings":{"collection":"pulseiras","subheading":"","title":"","link_text":"","link_url":"","text_color":"rgba(0,0,0,0)","overlay_color":"#000000","overlay_opacity":30}},"7558cac0-3b8b-4ed9-84ce-0278d826422b":{"type":"collection","settings":{"collection":"masculino","subheading":"","title":"","link_text":"","link_url":"","text_color":"rgba(0,0,0,0)","overlay_color":"#000000","overlay_opacity":30}},"5a37d961-fd17-4a1a-bc03-db9696bd0005":{"type":"collection","settings":{"collection":"oculos","subheading":"","title":"","link_text":"","link_url":"","text_color":"rgba(0,0,0,0)","overlay_color":"#000000","overlay_opacity":30}}},"block_order":["template--17010692391207__86e7bff1-c597-440d-a968-3e6db17ad0cd-1669331245e4f88578-0","template--17010692391207__86e7bff1-c597-440d-a968-3e6db17ad0cd-1669331245e4f88578-1","template--17010692391207__86e7bff1-c597-440d-a968-3e6db17ad0cd-1669331245e4f88578-2","template--17010692391207__86e7bff1-c597-440d-a968-3e6db17ad0cd-1669331245e4f88578-3","template--17010692391207__86e7bff1-c597-440d-a968-3e6db17ad0cd-1669331245e4f88578-4","template--17010692391207__86e7bff1-c597-440d-a968-3e6db17ad0cd-1669331245e4f88578-5","93fbea5d-51e3-44ea-b7b2-1cdc759282c6","7b6b3d8b-7efc-4128-8b5c-5c4d97a212f7","609c52fe-4e00-4348-a994-d6379bb90e74","962e7f00-30be-4c9c-a7e5-59d106f42623","7c183535-05cd-42ff-a63d-a1abc512da56","7558cac0-3b8b-4ed9-84ce-0278d826422b","5a37d961-fd17-4a1a-bc03-db9696bd0005"],"disabled":true,"settings":{"reveal_on_scroll":false,"layout":"carousel","subheading":"","title":"NOSSAS COLEÇÕES","background":"rgba(0,0,0,0)","text_color":"rgba(0,0,0,0)"}},"a0729406-605f-4b91-8fd9-42dd653985dd":{"type":"slideshow","blocks":{"template--17010692391207__a0729406-605f-4b91-8fd9-42dd653985dd-16693389551cd4ca4e-1":{"type":"image","disabled":true,"settings":{"text_position":"middle_center","subheading":"Tell your story","title":"Slide 2","button_1_text":"","button_1_link":"","button_2_text":"","button_2_link":"","text_color":"#ffffff","button_background":"#ffffff","button_text_color":"#000000","overlay_color":"#000000","overlay_opacity":30}}},"block_order":["template--17010692391207__a0729406-605f-4b91-8fd9-42dd653985dd-16693389551cd4ca4e-1"],"settings":{"section_height":"auto","transition_type":"sweep","autoplay":true,"cycle_speed":5,"background":"rgba(0,0,0,0)"}},"f03689a1-a342-4154-a5fc-376e90c0838c":{"type":"featured-collections","blocks":{"template--14518027550833__f03689a1-a342-4154-a5fc-376e90c0838c-1666202443f5a6bbde-0":{"type":"collection","settings":{"collection":"beleza-e-saude","label":"","button_text":"Ver todos","button_url":""}},"8732e90b-3178-4aed-a031-8c44df6c224f":{"type":"collection","settings":{"collection":"pulseiras","label":"","button_text":"Ver todos","button_url":""}},"fb1e246a-558b-4955-8f7f-7ff86dd30e9e":{"type":"collection","settings":{"collection":"jogos","label":"","button_text":"Ver todos","button_url":""}}},"block_order":["template--14518027550833__f03689a1-a342-4154-a5fc-376e90c0838c-1666202443f5a6bbde-0","8732e90b-3178-4aed-a031-8c44df6c224f","fb1e246a-558b-4955-8f7f-7ff86dd30e9e"],"settings":{"title":"Jóias Femininas","content":"<p>Brilhe com sofisticação: Explore nossa deslumbrante coleção de joias!<\/p>","products_count":10,"products_per_row":5,"stack_products":false,"show_cta":false,"background":"rgba(0,0,0,0)","text_color":"rgba(0,0,0,0)","button_background":"#2f2a2a","button_text_color":"#ffffff"}},"4b6d90fe-3a65-4df4-a75c-5974a4f6dee7":{"type":"featured-collections","blocks":{"template--17030236766503__4b6d90fe-3a65-4df4-a75c-5974a4f6dee7-16767564983894c069-0":{"type":"collection","settings":{"collection":"bolsas","label":"","button_text":"Ver mais","button_url":""}}},"block_order":["template--17030236766503__4b6d90fe-3a65-4df4-a75c-5974a4f6dee7-16767564983894c069-0"],"settings":{"title":"Coleção de Bolsas","content":"<p>Estilo e elegância em cada detalhe: Descubra a coleção de bolsas que vai encantar você!<\/p>","products_count":6,"products_per_row":5,"stack_products":false,"show_cta":false,"background":"#fafafa","text_color":"#000000","button_background":"#000000","button_text_color":"#ffffff"}},"926c7098-4397-4da1-9c97-16935ea7ebc3":{"type":"collection-list","blocks":{"template--19753647243582__926c7098-4397-4da1-9c97-16935ea7ebc3-16888648282602289e-2":{"type":"collection","settings":{"collection":"bolsas","subheading":"","title":"","link_text":"","link_url":"","text_color":"rgba(0,0,0,0)","overlay_color":"#000000","overlay_opacity":30}},"7bed3b3d-ac21-42e9-befe-dcdd392f489f":{"type":"collection","settings":{"collection":"aneis","subheading":"","title":"","link_text":"","link_url":"","text_color":"rgba(0,0,0,0)","overlay_color":"#000000","overlay_opacity":30}},"d9bc066c-4c34-4139-a8f0-1e525c4b9cb6":{"type":"collection","settings":{"collection":"sandali","subheading":"","title":"","link_text":"","link_url":"","text_color":"rgba(0,0,0,0)","overlay_color":"#000000","overlay_opacity":30}},"e98bb161-e555-43e9-8c94-f0e3c3e74e3f":{"type":"collection","disabled":true,"settings":{"collection":"blusas","subheading":"","title":"","link_text":"","link_url":"","text_color":"rgba(0,0,0,0)","overlay_color":"#000000","overlay_opacity":30}},"template--19753647243582__926c7098-4397-4da1-9c97-16935ea7ebc3-16888648282602289e-3":{"type":"collection","settings":{"collection":"botas","subheading":"","title":"","link_text":"","link_url":"","text_color":"rgba(0,0,0,0)","overlay_color":"#000000","overlay_opacity":30}},"96c91b35-8e2f-4750-a6bd-45054d403c81":{"type":"collection","settings":{"collection":"pulseiras","subheading":"","title":"","link_text":"","link_url":"","text_color":"rgba(0,0,0,0)","overlay_color":"#000000","overlay_opacity":30}},"ca6e069c-1c88-4002-b2ce-dcf57af2ab19":{"type":"collection","disabled":true,"settings":{"collection":"agasalhos","subheading":"","title":"","link_text":"","link_url":"","text_color":"rgba(0,0,0,0)","overlay_color":"#000000","overlay_opacity":30}},"e3dd210d-f72f-4dfe-b2e1-0dfd5c04ebdf":{"type":"collection","settings":{"collection":"calcados","subheading":"","title":"","link_text":"","link_url":"","text_color":"rgba(0,0,0,0)","overlay_color":"#000000","overlay_opacity":30}},"d3efcde1-1299-44ec-be89-38670493d671":{"type":"collection","disabled":true,"settings":{"collection":"vestidos","subheading":"","title":"","link_text":"","link_url":"","text_color":"rgba(0,0,0,0)","overlay_color":"#000000","overlay_opacity":30}}},"block_order":["template--19753647243582__926c7098-4397-4da1-9c97-16935ea7ebc3-16888648282602289e-2","7bed3b3d-ac21-42e9-befe-dcdd392f489f","d9bc066c-4c34-4139-a8f0-1e525c4b9cb6","e98bb161-e555-43e9-8c94-f0e3c3e74e3f","template--19753647243582__926c7098-4397-4da1-9c97-16935ea7ebc3-16888648282602289e-3","96c91b35-8e2f-4750-a6bd-45054d403c81","ca6e069c-1c88-4002-b2ce-dcf57af2ab19","e3dd210d-f72f-4dfe-b2e1-0dfd5c04ebdf","d3efcde1-1299-44ec-be89-38670493d671"],"custom_css":[],"settings":{"reveal_on_scroll":true,"layout":"carousel","subheading":"","title":"Coleções","background":"rgba(0,0,0,0)","text_color":"rgba(0,0,0,0)"}},"d05c2af1-74a0-4181-899d-61e0121fdf29":{"type":"collection-list","blocks":{"template--19753647243582__d05c2af1-74a0-4181-899d-61e0121fdf29-16888648282602289e-0":{"type":"collection","settings":{"collection":"agasalhos","subheading":"","title":"","link_text":"CASACOS","link_url":"","text_color":"rgba(0,0,0,0)","overlay_color":"#000000","overlay_opacity":10}},"ad565910-18a6-450d-93a7-04233e31a238":{"type":"collection","settings":{"collection":"vestidos","subheading":"","title":"","link_text":"VESTIDOS","link_url":"","text_color":"rgba(0,0,0,0)","overlay_color":"#000000","overlay_opacity":10}},"template--19753647243582__d05c2af1-74a0-4181-899d-61e0121fdf29-16888648282602289e-1":{"type":"collection","settings":{"collection":"blusas","subheading":"","title":"","link_text":"BLUSAS","link_url":"","text_color":"#ffffff","overlay_color":"#000000","overlay_opacity":10}}},"block_order":["template--19753647243582__d05c2af1-74a0-4181-899d-61e0121fdf29-16888648282602289e-0","ad565910-18a6-450d-93a7-04233e31a238","template--19753647243582__d05c2af1-74a0-4181-899d-61e0121fdf29-16888648282602289e-1"],"settings":{"reveal_on_scroll":false,"layout":"grid","subheading":"","title":"","background":"rgba(0,0,0,0)","text_color":"rgba(0,0,0,0)"}},"512e5e1b-4b9d-4bfb-a801-f1a936696ece":{"type":"featured-collections","blocks":{"template--17030236766503__512e5e1b-4b9d-4bfb-a801-f1a936696ece-1675633955b3746aa3-0":{"type":"collection","settings":{"collection":"berloques","label":"","button_text":"","button_url":""}}},"block_order":["template--17030236766503__512e5e1b-4b9d-4bfb-a801-f1a936696ece-1675633955b3746aa3-0"],"disabled":true,"settings":{"title":"BERLOQUES PARA PULSEIRAS","content":"<p>Cada berloque é produzido com materiais de alta qualidade e cuidado especial em sua confecção, garantindo a durabilidade e beleza das peças. Nossos berloques são ideais para quem busca personalizar e dar um toque especial às suas pulseiras e colares.<\/p>","products_count":6,"products_per_row":6,"stack_products":false,"show_cta":false,"background":"rgba(0,0,0,0)","text_color":"rgba(0,0,0,0)","button_background":"rgba(0,0,0,0)","button_text_color":"rgba(0,0,0,0)"}},"c738e3b1-707e-4d9d-93e9-f27d4a8a87e2":{"type":"featured-collections","blocks":{"template--17030236766503__c738e3b1-707e-4d9d-93e9-f27d4a8a87e2-1670435513999dbe3f-0":{"type":"collection","settings":{"collection":"oculos","label":"","button_text":"Ver todos","button_url":""}}},"block_order":["template--17030236766503__c738e3b1-707e-4d9d-93e9-f27d4a8a87e2-1670435513999dbe3f-0"],"disabled":true,"settings":{"title":"ÓCULOS FEMININOS","content":"","products_count":5,"products_per_row":5,"stack_products":false,"show_cta":false,"background":"rgba(0,0,0,0)","text_color":"rgba(0,0,0,0)","button_background":"#ffffff","button_text_color":"#000000"}},"a4ec1cd3-5453-4173-9ff3-25d5710d23c6":{"type":"image-with-text","blocks":{"template--17030236766503__a4ec1cd3-5453-4173-9ff3-25d5710d23c6-167051137768d5d568-0":{"type":"item","settings":{"tab_label":"Item","subheading":"Sobre nós","title":"Um pouco sobre a Vision","content":"<p>Bem-vindos à Vision - onde a moda encontra sua visão pessoal! Oferecemos peças cuidadosamente selecionadas, refletindo estilo, qualidade e conforto. Valorizamos a individualidade e diversidade, com opções para todas as ocasiões. Nosso compromisso é promover a moda ética e sustentável. Explore nossa coleção e crie looks autênticos e deslumbrantes.<\/p>","button_text":"","button_link":""}}},"block_order":["template--17030236766503__a4ec1cd3-5453-4173-9ff3-25d5710d23c6-167051137768d5d568-0"],"disabled":true,"settings":{"reveal_on_scroll":true,"background_type":"full_width","background_overlap":"image","image_position":"left","text_alignment":"center","cycle_speed":8,"accent_background":"rgba(0,0,0,0)","text_color":"rgba(0,0,0,0)","button_background":"rgba(0,0,0,0)","button_text_color":"rgba(0,0,0,0)"}},"026aeb10-b4f0-4329-b658-aadbf9681f96":{"type":"multi-column","blocks":{"template--19753647243582__026aeb10-b4f0-4329-b658-aadbf9681f96-16886859797e9d5ba1-0":{"type":"item","settings":{"image_width":100,"image_border":"rgba(0,0,0,0)","title":"Bruna Sampaio","content":"","link_text":"","link_url":"","link_style":"link","text_alignment":"center","vertical_alignment":"start"}},"template--19753647243582__026aeb10-b4f0-4329-b658-aadbf9681f96-16886859797e9d5ba1-1":{"type":"item","settings":{"image_width":100,"image_border":"rgba(0,0,0,0)","title":"Carolina Menezes","content":"","link_text":"","link_url":"","link_style":"link","text_alignment":"center","vertical_alignment":"start"}},"template--19753647243582__026aeb10-b4f0-4329-b658-aadbf9681f96-16886859797e9d5ba1-2":{"type":"item","settings":{"image_width":100,"image_border":"rgba(0,0,0,0)","title":"Daniel Oliveira","content":"","link_text":"","link_url":"","link_style":"link","text_alignment":"center","vertical_alignment":"start"}},"template--19753647243582__026aeb10-b4f0-4329-b658-aadbf9681f96-16886859797e9d5ba1-3":{"type":"item","settings":{"image_width":100,"image_border":"rgba(0,0,0,0)","title":"Isabela Santos","content":"","link_text":"","link_url":"","link_style":"link","text_alignment":"center","vertical_alignment":"start"}}},"block_order":["template--19753647243582__026aeb10-b4f0-4329-b658-aadbf9681f96-16886859797e9d5ba1-0","template--19753647243582__026aeb10-b4f0-4329-b658-aadbf9681f96-16886859797e9d5ba1-1","template--19753647243582__026aeb10-b4f0-4329-b658-aadbf9681f96-16886859797e9d5ba1-2","template--19753647243582__026aeb10-b4f0-4329-b658-aadbf9681f96-16886859797e9d5ba1-3"],"settings":{"reveal_on_scroll":true,"stack_items":false,"subheading":"Influencers","title":"Parceiras","content":"","column_alignment":"center","mobile_item_size":"medium","desktop_item_size":"medium","spacing":"normal","background":"rgba(0,0,0,0)","text_color":"rgba(0,0,0,0)"}},"39955890-bfd1-4f7a-b652-539c12b6f116":{"type":"faq","blocks":{"template--19753647243582__39955890-bfd1-4f7a-b652-539c12b6f116-16886861533f32d41c-0":{"type":"category","settings":{"title":"Shipping"}},"template--19753647243582__39955890-bfd1-4f7a-b652-539c12b6f116-16886861533f32d41c-1":{"type":"question","settings":{"title":"Do you ship overseas?","answer":"<p>Yes, we ship all over the world. Shipping costs will apply, and will be added at checkout. We run discounts and promotions all year, so stay tuned for exclusive deals.<\/p>"}},"template--19753647243582__39955890-bfd1-4f7a-b652-539c12b6f116-16886861533f32d41c-2":{"type":"question","settings":{"title":"How long will it take to get my order?","answer":"<p>It depends on where you are. Orders processed here will take 5-7 business days to arrive. Overseas deliveries can take anywhere from 7-16 days. Delivery details will be provided in your confirmation email.<\/p>"}},"template--19753647243582__39955890-bfd1-4f7a-b652-539c12b6f116-16886861533f32d41c-3":{"type":"category","settings":{"title":"Other"}},"template--19753647243582__39955890-bfd1-4f7a-b652-539c12b6f116-16886861533f32d41c-4":{"type":"question","settings":{"title":"Any question?","answer":"<p>You can contact us through our contact page! We will be happy to assist you.<\/p>"}}},"block_order":["template--19753647243582__39955890-bfd1-4f7a-b652-539c12b6f116-16886861533f32d41c-0","template--19753647243582__39955890-bfd1-4f7a-b652-539c12b6f116-16886861533f32d41c-1","template--19753647243582__39955890-bfd1-4f7a-b652-539c12b6f116-16886861533f32d41c-2","template--19753647243582__39955890-bfd1-4f7a-b652-539c12b6f116-16886861533f32d41c-3","template--19753647243582__39955890-bfd1-4f7a-b652-539c12b6f116-16886861533f32d41c-4"],"disabled":true,"settings":{"show_navigation":false,"title":"FAQ","content":"","background":"rgba(0,0,0,0)","text_color":"rgba(0,0,0,0)"}},"8cb7aa4e-4ff2-44f5-81a8-15785bb845cc":{"type":"Instafeed","blocks":{"template--19753647243582__8cb7aa4e-4ff2-44f5-81a8-15785bb845cc-1688865804c509b02d-0":{"type":"image","settings":{"caption":"<p> Deixe seu guarda-roupa falar por você com as nossas peças únicas. 🌟<\/p>","captionhashtag":"<p>#3333 ##333<\/p>"}},"template--19753647243582__8cb7aa4e-4ff2-44f5-81a8-15785bb845cc-1688865804c509b02d-1":{"type":"image","settings":{"image":"shopify:\/\/shop_images\/2.png","caption":"<p> Deixe seu guarda-roupa falar por você com as nossas peças únicas. <\/p>","captionhashtag":""}},"template--19753647243582__8cb7aa4e-4ff2-44f5-81a8-15785bb845cc-1688865804c509b02d-2":{"type":"image","settings":{"image":"shopify:\/\/shop_images\/6.png","caption":"<p> Deixe seu guarda-roupa falar por você com as nossas peças únicas. <\/p>","captionhashtag":""}},"ccbfc1d7-c63e-43f9-9db4-2f06b657d2c8":{"type":"image","settings":{"image":"shopify:\/\/shop_images\/3.png","caption":"<p> Deixe seu guarda-roupa falar por você com as nossas peças únicas. <\/p>","captionhashtag":""}},"cd6ec7c0-a75f-4ef0-a547-40bcf78bf4dc":{"type":"image","settings":{"image":"shopify:\/\/shop_images\/4.png","caption":"<p> Deixe seu guarda-roupa falar por você com as nossas peças únicas. <\/p>","captionhashtag":""}},"5e5404eb-8b77-46ca-ad48-ad75555190dc":{"type":"image","disabled":true,"settings":{"caption":"","captionhashtag":""}},"9a7b762e-74e7-4a0d-acec-3f44ddd3109b":{"type":"image","disabled":true,"settings":{"caption":"","captionhashtag":""}},"14379bc8-7b0b-4024-9a54-427c5612dbc8":{"type":"image","disabled":true,"settings":{"caption":"","captionhashtag":""}},"93a10c1c-3048-4d24-9991-4e0f3299314c":{"type":"image","disabled":true,"settings":{"caption":"","captionhashtag":""}}},"block_order":["template--19753647243582__8cb7aa4e-4ff2-44f5-81a8-15785bb845cc-1688865804c509b02d-0","template--19753647243582__8cb7aa4e-4ff2-44f5-81a8-15785bb845cc-1688865804c509b02d-1","template--19753647243582__8cb7aa4e-4ff2-44f5-81a8-15785bb845cc-1688865804c509b02d-2","ccbfc1d7-c63e-43f9-9db4-2f06b657d2c8","cd6ec7c0-a75f-4ef0-a547-40bcf78bf4dc","5e5404eb-8b77-46ca-ad48-ad75555190dc","9a7b762e-74e7-4a0d-acec-3f44ddd3109b","14379bc8-7b0b-4024-9a54-427c5612dbc8","93a10c1c-3048-4d24-9991-4e0f3299314c"],"settings":{"title":"Acompanhe nossa loja no Instagram","titulo_celular":16,"titulo_desk":20,"tamanho_icon_mobile":22,"tamanho_icon_desktop":24,"meuarroba":"@LojaVision","show_curtir":true,"show_arrows":true,"background":"rgba(0,0,0,0)","text_color":"rgba(0,0,0,0)","hashtag_color":"#0008ff","insta-btn_color":"#e2a696","insta-fonte_color":"#ffffff","button_text":"ACESSE NOSSO INSTAGRAM","button_url":"https:\/\/instagram.com\/sabinovision"}},"text-with-icons":{"type":"text-with-icons","blocks":{"item-1":{"type":"item","settings":{"icon":"picto-fast-delivery","custom_icon_width":50,"title":"Frete Grátis","content":"<p>Entrega gratuita para todo Brasil.<\/p>"}},"item-4":{"type":"item","settings":{"icon":"picto-customer-support","custom_icon_width":50,"title":"Suporte ao Cliente","content":"<p>Eficiência e confiabilidade garantidas.<\/p>"}},"item-2":{"type":"item","settings":{"icon":"picto-gift","custom_icon_width":50,"title":"PRIMEIRA COMPRA","content":"<p>Utiliza o cupom \"Primeira15\"<\/p>"}},"item-3":{"type":"item","settings":{"icon":"picto-warranty","custom_icon_width":60,"title":"Compra Segura","content":"<p>Ambiente 100% seguro<\/p>"}}},"block_order":["item-1","item-4","item-2","item-3"],"settings":{"background":"#f9f9f9","text_color":"#3a3a3a"}}},"order":["slideshow","86e7bff1-c597-440d-a968-3e6db17ad0cd","a0729406-605f-4b91-8fd9-42dd653985dd","f03689a1-a342-4154-a5fc-376e90c0838c","4b6d90fe-3a65-4df4-a75c-5974a4f6dee7","926c7098-4397-4da1-9c97-16935ea7ebc3","d05c2af1-74a0-4181-899d-61e0121fdf29","512e5e1b-4b9d-4bfb-a801-f1a936696ece","c738e3b1-707e-4d9d-93e9-f27d4a8a87e2","a4ec1cd3-5453-4173-9ff3-25d5710d23c6","026aeb10-b4f0-4329-b658-aadbf9681f96","39955890-bfd1-4f7a-b652-539c12b6f116","8cb7aa4e-4ff2-44f5-81a8-15785bb845cc","text-with-icons"]}